{
  "metrics": {
    "hamming_loss": 0.12093333333333334,
    "subset_accuracy": 0.024,
    "f1_micro": 0.32262882748319643,
    "f1_macro": 0.043038446373094036,
    "f1_samples": 0.3016888888888889,
    "precision_micro": 0.288,
    "recall_micro": 0.366723259762309
  },
  "config": {
    "initial_epochs": 30,
    "finetuning_epochs": 40,
    "batch_size": 16,
    "img_size": [
      224,
      224
    ],
    "learning_rate_initial": 0.0005,
    "learning_rate_finetuning": 5e-05
  },
  "thresholds": [
    0.3,
    0.3,
    0.3,
    0.3,
    0.3,
    0.3,
    0.3,
    0.3,
    0.3,
    0.3,
    0.3,
    0.3,
    0.3,
    0.3,
    0.3,
    0.3,
    0.3,
    0.3,
    0.3,
    0.3
  ]
}